{"cameraMode":{"drawMode":0,"name":"Shaded","section":"Shading Mode"},"sceneLighting":true,"audioPlay":false,"sceneViewState":{"showFog":true,"showMaterialUpdate":false,"showSkybox":true,"showFlares":true,"showImageEffects":true,"showParticleSystems":true},"in2DMode":false,"pivot":{"x":8.969996452331543,"y":-1.4269371032714844,"z":6.232377529144287},"rotation":{"x":0.24726958572864533,"y":-0.21637728810310365,"z":0.05674859508872032,"w":0.9427773952484131},"size":4.321941375732422,"orthographic":false}